,fixture.id,fixture.referee,fixture.timezone,fixture.date,fixture.timestamp,fixture.periods.first,fixture.periods.second,fixture.venue.id,fixture.venue.name,fixture.venue.city,fixture.status.long,fixture.status.short,fixture.status.elapsed,league.id,league.name,league.country,league.logo,league.flag,league.season,league.round,teams.home.id,teams.home.name,teams.home.logo,teams.home.winner,teams.away.id,teams.away.name,teams.away.logo,teams.away.winner,goals.home,goals.away,score.halftime.home,score.halftime.away,score.fulltime.home,score.fulltime.away,score.extratime.home,score.extratime.away,score.penalty.home,score.penalty.away
0,562881,O. Hämäläinen,UTC,2020-07-01T15:30:00+00:00,1593617400,1593617400,1593621000,614.0,Tehtaan kenttä,Valkeakoski,Match Finished,FT,90,244,Veikkausliiga,Finland,https://media.api-sports.io/football/leagues/244.png,https://media.api-sports.io/flags/fi.svg,2020,Regular Season - 1,2080,haka,https://media.api-sports.io/football/teams/2080.png,,1169,Honka,https://media.api-sports.io/football/teams/1169.png,,1,1,1,0,1,1,,,,
1,562882,M. Al Emara,UTC,2020-07-01T15:30:00+00:00,1593617400,1593617400,1593621000,623.0,Lahden Stadion,Lahti,Match Finished,FT,90,244,Veikkausliiga,Finland,https://media.api-sports.io/football/leagues/244.png,https://media.api-sports.io/flags/fi.svg,2020,Regular Season - 1,1166,FC Lahti,https://media.api-sports.io/football/teams/1166.png,False,649,HJK helsinki,https://media.api-sports.io/football/teams/649.png,True,0,4,0,2,0,4,,,,
2,562883,A. Munukka,UTC,2020-07-01T15:30:00+00:00,1593617400,1593617400,1593621000,615.0,Bolt Arena,Helsinki,Match Finished,FT,90,244,Veikkausliiga,Finland,https://media.api-sports.io/football/leagues/244.png,https://media.api-sports.io/flags/fi.svg,2020,Regular Season - 1,1172,HIFK Elsinki,https://media.api-sports.io/football/teams/1172.png,False,1165,KuPS,https://media.api-sports.io/football/teams/1165.png,True,0,3,0,3,0,3,,,,
3,562884,V. Nevalainen,UTC,2020-07-01T15:30:00+00:00,1593617400,1593617400,1593621000,10606.0,Ratinan Stadion,Tammerfors,Match Finished,FT,90,244,Veikkausliiga,Finland,https://media.api-sports.io/football/leagues/244.png,https://media.api-sports.io/flags/fi.svg,2020,Regular Season - 1,1163,Ilves Tampere,https://media.api-sports.io/football/teams/1163.png,True,587,IFK Mariehamn,https://media.api-sports.io/football/teams/587.png,False,4,3,0,1,4,3,,,,
4,562885,P. Viljanen,UTC,2020-07-01T15:30:00+00:00,1593617400,1593617400,1593621000,629.0,OmaSP Stadion,Seinäjoki,Match Finished,FT,90,244,Veikkausliiga,Finland,https://media.api-sports.io/football/leagues/244.png,https://media.api-sports.io/flags/fi.svg,2020,Regular Season - 1,689,SJK,https://media.api-sports.io/football/teams/689.png,True,1168,Turku PS,https://media.api-sports.io/football/teams/1168.png,False,1,0,1,0,1,0,,,,
5,562886,M. Gestranius,UTC,2020-07-02T15:00:00+00:00,1593702000,1593702000,1593705600,618.0,Veritas Stadion,Åbo,Match Finished,FT,90,244,Veikkausliiga,Finland,https://media.api-sports.io/football/leagues/244.png,https://media.api-sports.io/flags/fi.svg,2020,Regular Season - 1,1164,Inter Turku,https://media.api-sports.io/football/teams/1164.png,True,1167,Rops,https://media.api-sports.io/football/teams/1167.png,False,3,1,1,0,3,1,,,,
6,562887,P. Viljanen,UTC,2020-07-07T15:30:00+00:00,1594135800,1594135800,1594139400,622.0,Savon Sanomat Areena,Kuopio,Match Finished,FT,90,244,Veikkausliiga,Finland,https://media.api-sports.io/football/leagues/244.png,https://media.api-sports.io/flags/fi.svg,2020,Regular Season - 2,1165,KuPS,https://media.api-sports.io/football/teams/1165.png,True,1164,Inter Turku,https://media.api-sports.io/football/teams/1164.png,False,1,0,0,0,1,0,,,,
7,562888,J. Hyytiä,UTC,2020-07-07T15:30:00+00:00,1594135800,1594135800,1594139400,618.0,Veritas Stadion,Åbo,Match Finished,FT,90,244,Veikkausliiga,Finland,https://media.api-sports.io/football/leagues/244.png,https://media.api-sports.io/flags/fi.svg,2020,Regular Season - 2,1168,Turku PS,https://media.api-sports.io/football/teams/1168.png,False,1163,Ilves Tampere,https://media.api-sports.io/football/teams/1163.png,True,0,1,0,0,0,1,,,,
8,562889,V. Nevalainen,UTC,2020-07-08T15:30:00+00:00,1594222200,1594222200,1594225800,623.0,Lahden Stadion,Lahti,Match Finished,FT,90,244,Veikkausliiga,Finland,https://media.api-sports.io/football/leagues/244.png,https://media.api-sports.io/flags/fi.svg,2020,Regular Season - 2,1166,FC Lahti,https://media.api-sports.io/football/teams/1166.png,,689,SJK,https://media.api-sports.io/football/teams/689.png,,0,0,0,0,0,0,,,,
9,562890,J. Järvinen,UTC,2020-07-08T15:30:00+00:00,1594222200,1594222200,1594225800,615.0,Bolt Arena,Helsinki,Match Finished,FT,90,244,Veikkausliiga,Finland,https://media.api-sports.io/football/leagues/244.png,https://media.api-sports.io/flags/fi.svg,2020,Regular Season - 2,649,HJK helsinki,https://media.api-sports.io/football/teams/649.png,True,2080,haka,https://media.api-sports.io/football/teams/2080.png,False,3,1,1,0,3,1,,,,
10,562891,A. Munukka,UTC,2020-07-08T15:30:00+00:00,1594222200,1594222200,1594225800,,Wiklöf Holding Arena,Åland,Match Finished,FT,90,244,Veikkausliiga,Finland,https://media.api-sports.io/football/leagues/244.png,https://media.api-sports.io/flags/fi.svg,2020,Regular Season - 2,587,IFK Mariehamn,https://media.api-sports.io/football/teams/587.png,,1169,Honka,https://media.api-sports.io/football/teams/1169.png,,0,0,0,0,0,0,,,,
11,562892,M. Al Emara,UTC,2020-07-08T15:30:00+00:00,1594222200,1594222200,1594225800,628.0,Rovaniemen Keskuskenttä,Rovaniemi,Match Finished,FT,90,244,Veikkausliiga,Finland,https://media.api-sports.io/football/leagues/244.png,https://media.api-sports.io/flags/fi.svg,2020,Regular Season - 2,1167,Rops,https://media.api-sports.io/football/teams/1167.png,False,1172,HIFK Elsinki,https://media.api-sports.io/football/teams/1172.png,True,0,1,0,0,0,1,,,,
12,562893,J. Laaksonen,UTC,2020-07-11T14:00:00+00:00,1594476000,1594476000,1594479600,618.0,Veritas Stadion,Åbo,Match Finished,FT,90,244,Veikkausliiga,Finland,https://media.api-sports.io/football/leagues/244.png,https://media.api-sports.io/flags/fi.svg,2020,Regular Season - 3,1164,Inter Turku,https://media.api-sports.io/football/teams/1164.png,True,1163,Ilves Tampere,https://media.api-sports.io/football/teams/1163.png,False,5,1,3,0,5,1,,,,
13,562894,D. Antamo,UTC,2020-07-12T15:30:00+00:00,1594567800,1594567800,1594571400,616.0,Tapiolan Urheilupuisto,Esbo,Match Finished,FT,90,244,Veikkausliiga,Finland,https://media.api-sports.io/football/leagues/244.png,https://media.api-sports.io/flags/fi.svg,2020,Regular Season - 3,1169,Honka,https://media.api-sports.io/football/teams/1169.png,,1165,KuPS,https://media.api-sports.io/football/teams/1165.png,,1,1,0,1,1,1,,,,
14,562895,O. Hämäläinen,UTC,2020-07-17T15:30:00+00:00,1594999800,1594999800,1595003400,618.0,Veritas Stadion,Åbo,Match Finished,FT,90,244,Veikkausliiga,Finland,https://media.api-sports.io/football/leagues/244.png,https://media.api-sports.io/flags/fi.svg,2020,Regular Season - 3,1164,Inter Turku,https://media.api-sports.io/football/teams/1164.png,True,649,HJK helsinki,https://media.api-sports.io/football/teams/649.png,False,1,0,0,0,1,0,,,,
15,562896,M. Al Emara,UTC,2020-07-17T15:30:00+00:00,1594999800,1594999800,1595003400,10606.0,Ratinan Stadion,Tammerfors,Match Finished,FT,90,244,Veikkausliiga,Finland,https://media.api-sports.io/football/leagues/244.png,https://media.api-sports.io/flags/fi.svg,2020,Regular Season - 3,1163,Ilves Tampere,https://media.api-sports.io/football/teams/1163.png,,1165,KuPS,https://media.api-sports.io/football/teams/1165.png,,0,0,0,0,0,0,,,,
16,562897,K. Mäkinen,UTC,2020-07-17T15:30:00+00:00,1594999800,1594999800,1595003400,628.0,Rovaniemen Keskuskenttä,Rovaniemi,Match Finished,FT,90,244,Veikkausliiga,Finland,https://media.api-sports.io/football/leagues/244.png,https://media.api-sports.io/flags/fi.svg,2020,Regular Season - 3,1167,Rops,https://media.api-sports.io/football/teams/1167.png,,2080,haka,https://media.api-sports.io/football/teams/2080.png,,2,2,2,1,2,2,,,,
17,562898,J. Hyytiä,UTC,2020-07-17T15:30:00+00:00,1594999800,1594999800,1595003400,629.0,OmaSP Stadion,Seinäjoki,Match Finished,FT,90,244,Veikkausliiga,Finland,https://media.api-sports.io/football/leagues/244.png,https://media.api-sports.io/flags/fi.svg,2020,Regular Season - 3,689,SJK,https://media.api-sports.io/football/teams/689.png,False,587,IFK Mariehamn,https://media.api-sports.io/football/teams/587.png,True,1,2,0,1,1,2,,,,
18,562899,A. Munukka,UTC,2020-07-18T10:00:00+00:00,1595066400,1595066400,1595070000,616.0,Tapiolan Urheilupuisto,Esbo,Match Finished,FT,90,244,Veikkausliiga,Finland,https://media.api-sports.io/football/leagues/244.png,https://media.api-sports.io/flags/fi.svg,2020,Regular Season - 4,1169,Honka,https://media.api-sports.io/football/teams/1169.png,True,1168,Turku PS,https://media.api-sports.io/football/teams/1168.png,False,3,1,0,0,3,1,,,,
19,562900,M. Gestranius,UTC,2020-07-18T14:00:00+00:00,1595080800,1595080800,1595084400,615.0,Bolt Arena,Helsinki,Match Finished,FT,90,244,Veikkausliiga,Finland,https://media.api-sports.io/football/leagues/244.png,https://media.api-sports.io/flags/fi.svg,2020,Regular Season - 4,1172,HIFK Elsinki,https://media.api-sports.io/football/teams/1172.png,False,1166,FC Lahti,https://media.api-sports.io/football/teams/1166.png,True,0,3,0,2,0,3,,,,
20,562901,J. Järvinen,UTC,2020-07-21T15:30:00+00:00,1595345400,1595345400,1595349000,628.0,Rovaniemen Keskuskenttä,Rovaniemi,Match Finished,FT,90,244,Veikkausliiga,Finland,https://media.api-sports.io/football/leagues/244.png,https://media.api-sports.io/flags/fi.svg,2020,Regular Season - 4,1167,Rops,https://media.api-sports.io/football/teams/1167.png,,1163,Ilves Tampere,https://media.api-sports.io/football/teams/1163.png,,1,1,0,0,1,1,,,,
21,562902,P. Viljanen,UTC,2020-07-22T15:30:00+00:00,1595431800,1595431800,1595435400,616.0,Tapiolan Urheilupuisto,Esbo,Match Finished,FT,90,244,Veikkausliiga,Finland,https://media.api-sports.io/football/leagues/244.png,https://media.api-sports.io/flags/fi.svg,2020,Regular Season - 4,1169,Honka,https://media.api-sports.io/football/teams/1169.png,,1164,Inter Turku,https://media.api-sports.io/football/teams/1164.png,,1,1,0,0,1,1,,,,
22,562903,O. Hämäläinen,UTC,2020-07-22T15:30:00+00:00,1595431800,1595431800,1595435400,615.0,Bolt Arena,Helsinki,Match Finished,FT,90,244,Veikkausliiga,Finland,https://media.api-sports.io/football/leagues/244.png,https://media.api-sports.io/flags/fi.svg,2020,Regular Season - 4,1172,HIFK Elsinki,https://media.api-sports.io/football/teams/1172.png,True,689,SJK,https://media.api-sports.io/football/teams/689.png,False,2,1,1,0,2,1,,,,
23,562904,M. Al Emara,UTC,2020-07-22T15:30:00+00:00,1595431800,1595431800,1595435400,,Wiklöf Holding Arena,Åland,Match Finished,FT,90,244,Veikkausliiga,Finland,https://media.api-sports.io/football/leagues/244.png,https://media.api-sports.io/flags/fi.svg,2020,Regular Season - 4,587,IFK Mariehamn,https://media.api-sports.io/football/teams/587.png,,2080,haka,https://media.api-sports.io/football/teams/2080.png,,2,2,1,1,2,2,,,,
24,562905,J. Laaksonen,UTC,2020-07-22T15:30:00+00:00,1595431800,1595431800,1595435400,622.0,Savon Sanomat Areena,Kuopio,Match Finished,FT,90,244,Veikkausliiga,Finland,https://media.api-sports.io/football/leagues/244.png,https://media.api-sports.io/flags/fi.svg,2020,Regular Season - 5,1165,KuPS,https://media.api-sports.io/football/teams/1165.png,True,1166,FC Lahti,https://media.api-sports.io/football/teams/1166.png,False,3,0,2,0,3,0,,,,
25,562906,V. Nevalainen,UTC,2020-07-22T15:30:00+00:00,1595431800,1595431800,1595435400,618.0,Veritas Stadion,Åbo,Match Finished,FT,90,244,Veikkausliiga,Finland,https://media.api-sports.io/football/leagues/244.png,https://media.api-sports.io/flags/fi.svg,2020,Regular Season - 5,1168,Turku PS,https://media.api-sports.io/football/teams/1168.png,False,649,HJK helsinki,https://media.api-sports.io/football/teams/649.png,True,0,2,0,1,0,2,,,,
26,562907,D. Antamo,UTC,2020-07-25T15:30:00+00:00,1595691000,1595691000,1595694600,615.0,Bolt Arena,Helsinki,Match Finished,FT,90,244,Veikkausliiga,Finland,https://media.api-sports.io/football/leagues/244.png,https://media.api-sports.io/flags/fi.svg,2020,Regular Season - 5,649,HJK helsinki,https://media.api-sports.io/football/teams/649.png,True,1163,Ilves Tampere,https://media.api-sports.io/football/teams/1163.png,False,2,0,1,0,2,0,,,,
27,562908,A. Munukka,UTC,2020-07-25T14:00:00+00:00,1595685600,1595685600,1595689200,618.0,Veritas Stadion,Åbo,Match Finished,FT,90,244,Veikkausliiga,Finland,https://media.api-sports.io/football/leagues/244.png,https://media.api-sports.io/flags/fi.svg,2020,Regular Season - 5,1168,Turku PS,https://media.api-sports.io/football/teams/1168.png,False,1166,FC Lahti,https://media.api-sports.io/football/teams/1166.png,True,1,3,0,1,1,3,,,,
28,562909,O. Reitala,UTC,2020-07-26T15:30:00+00:00,1595777400,1595777400,1595781000,614.0,Tehtaan kenttä,Valkeakoski,Match Finished,FT,90,244,Veikkausliiga,Finland,https://media.api-sports.io/football/leagues/244.png,https://media.api-sports.io/flags/fi.svg,2020,Regular Season - 5,2080,haka,https://media.api-sports.io/football/teams/2080.png,False,1164,Inter Turku,https://media.api-sports.io/football/teams/1164.png,True,0,2,0,1,0,2,,,,
29,562910,J. Hyytiä,UTC,2020-07-26T14:00:00+00:00,1595772000,1595772000,1595775600,616.0,Tapiolan Urheilupuisto,Esbo,Match Finished,FT,90,244,Veikkausliiga,Finland,https://media.api-sports.io/football/leagues/244.png,https://media.api-sports.io/flags/fi.svg,2020,Regular Season - 5,1169,Honka,https://media.api-sports.io/football/teams/1169.png,True,1167,Rops,https://media.api-sports.io/football/teams/1167.png,False,1,0,1,0,1,0,,,,
30,562911,P. Viljanen,UTC,2020-07-26T15:30:00+00:00,1595777400,1595777400,1595781000,,Wiklöf Holding Arena,Åland,Match Finished,FT,90,244,Veikkausliiga,Finland,https://media.api-sports.io/football/leagues/244.png,https://media.api-sports.io/flags/fi.svg,2020,Regular Season - 6,587,IFK Mariehamn,https://media.api-sports.io/football/teams/587.png,False,1172,HIFK Elsinki,https://media.api-sports.io/football/teams/1172.png,True,0,3,0,1,0,3,,,,
31,562912,V. Nevalainen,UTC,2020-07-26T15:30:00+00:00,1595777400,1595777400,1595781000,622.0,Savon Sanomat Areena,Kuopio,Match Finished,FT,90,244,Veikkausliiga,Finland,https://media.api-sports.io/football/leagues/244.png,https://media.api-sports.io/flags/fi.svg,2020,Regular Season - 6,1165,KuPS,https://media.api-sports.io/football/teams/1165.png,True,689,SJK,https://media.api-sports.io/football/teams/689.png,False,2,1,2,0,2,1,,,,
32,562913,M. Al Emara,UTC,2020-08-01T14:00:00+00:00,1596290400,1596290400,1596294000,618.0,Veritas Stadion,Åbo,Match Finished,FT,90,244,Veikkausliiga,Finland,https://media.api-sports.io/football/leagues/244.png,https://media.api-sports.io/flags/fi.svg,2020,Regular Season - 6,1164,Inter Turku,https://media.api-sports.io/football/teams/1164.png,True,587,IFK Mariehamn,https://media.api-sports.io/football/teams/587.png,False,2,1,1,0,2,1,,,,
33,562914,J. Hyytiä,UTC,2020-08-01T14:00:00+00:00,1596290400,1596290400,1596294000,615.0,Bolt Arena,Helsinki,Match Finished,FT,90,244,Veikkausliiga,Finland,https://media.api-sports.io/football/leagues/244.png,https://media.api-sports.io/flags/fi.svg,2020,Regular Season - 6,649,HJK helsinki,https://media.api-sports.io/football/teams/649.png,,1165,KuPS,https://media.api-sports.io/football/teams/1165.png,,2,2,0,1,2,2,,,,
34,562915,J. Järvinen,UTC,2020-08-01T14:00:00+00:00,1596290400,1596290400,1596294000,10606.0,Ratinan Stadion,Tammerfors,Match Finished,FT,90,244,Veikkausliiga,Finland,https://media.api-sports.io/football/leagues/244.png,https://media.api-sports.io/flags/fi.svg,2020,Regular Season - 6,1163,Ilves Tampere,https://media.api-sports.io/football/teams/1163.png,,1172,HIFK Elsinki,https://media.api-sports.io/football/teams/1172.png,,2,2,2,1,2,2,,,,
35,562916,V. Nevalainen,UTC,2020-08-01T14:00:00+00:00,1596290400,1596290400,1596294000,628.0,Rovaniemen Keskuskenttä,Rovaniemi,Match Finished,FT,90,244,Veikkausliiga,Finland,https://media.api-sports.io/football/leagues/244.png,https://media.api-sports.io/flags/fi.svg,2020,Regular Season - 6,1167,Rops,https://media.api-sports.io/football/teams/1167.png,False,1168,Turku PS,https://media.api-sports.io/football/teams/1168.png,True,2,3,1,1,2,3,,,,
36,562917,A. Munukka,UTC,2020-08-01T14:00:00+00:00,1596290400,1596290400,1596294000,629.0,OmaSP Stadion,Seinäjoki,Match Finished,FT,90,244,Veikkausliiga,Finland,https://media.api-sports.io/football/leagues/244.png,https://media.api-sports.io/flags/fi.svg,2020,Regular Season - 7,689,SJK,https://media.api-sports.io/football/teams/689.png,,2080,haka,https://media.api-sports.io/football/teams/2080.png,,1,1,0,0,1,1,,,,
37,562918,P. Viljanen,UTC,2020-08-03T15:30:00+00:00,1596468600,1596468600,1596472200,623.0,Lahden Stadion,Lahti,Match Finished,FT,90,244,Veikkausliiga,Finland,https://media.api-sports.io/football/leagues/244.png,https://media.api-sports.io/flags/fi.svg,2020,Regular Season - 7,1166,FC Lahti,https://media.api-sports.io/football/teams/1166.png,,1169,Honka,https://media.api-sports.io/football/teams/1169.png,,0,0,0,0,0,0,,,,
38,562919,D. Antamo,UTC,2020-08-05T15:30:00+00:00,1596641400,1596641400,1596645000,614.0,Tehtaan kenttä,Valkeakoski,Match Finished,FT,90,244,Veikkausliiga,Finland,https://media.api-sports.io/football/leagues/244.png,https://media.api-sports.io/flags/fi.svg,2020,Regular Season - 7,2080,haka,https://media.api-sports.io/football/teams/2080.png,False,1172,HIFK Elsinki,https://media.api-sports.io/football/teams/1172.png,True,0,2,0,0,0,2,,,,
39,562920,O. Hämäläinen,UTC,2020-08-05T15:30:00+00:00,1596641400,1596641400,1596645000,,Wiklöf Holding Arena,Åland,Match Finished,FT,90,244,Veikkausliiga,Finland,https://media.api-sports.io/football/leagues/244.png,https://media.api-sports.io/flags/fi.svg,2020,Regular Season - 7,587,IFK Mariehamn,https://media.api-sports.io/football/teams/587.png,True,1164,Inter Turku,https://media.api-sports.io/football/teams/1164.png,False,2,0,1,0,2,0,,,,
40,562921,A. Munukka,UTC,2020-08-05T15:30:00+00:00,1596641400,1596641400,1596645000,617.0,Tammelan Stadion,Tampere,Match Finished,FT,90,244,Veikkausliiga,Finland,https://media.api-sports.io/football/leagues/244.png,https://media.api-sports.io/flags/fi.svg,2020,Regular Season - 7,1163,Ilves Tampere,https://media.api-sports.io/football/teams/1163.png,True,1167,Rops,https://media.api-sports.io/football/teams/1167.png,False,1,0,0,0,1,0,,,,
41,562922,K. Mäkinen,UTC,2020-08-05T15:30:00+00:00,1596641400,1596641400,1596645000,629.0,OmaSP Stadion,Seinäjoki,Match Finished,FT,90,244,Veikkausliiga,Finland,https://media.api-sports.io/football/leagues/244.png,https://media.api-sports.io/flags/fi.svg,2020,Regular Season - 7,689,SJK,https://media.api-sports.io/football/teams/689.png,,1165,KuPS,https://media.api-sports.io/football/teams/1165.png,,1,1,0,0,1,1,,,,
42,562923,J. Järvinen,UTC,2020-08-06T15:30:00+00:00,1596727800,1596727800,1596731400,615.0,Bolt Arena,Helsinki,Match Finished,FT,90,244,Veikkausliiga,Finland,https://media.api-sports.io/football/leagues/244.png,https://media.api-sports.io/flags/fi.svg,2020,Regular Season - 8,649,HJK helsinki,https://media.api-sports.io/football/teams/649.png,,1166,FC Lahti,https://media.api-sports.io/football/teams/1166.png,,1,1,1,0,1,1,,,,
43,562924,P. Viljanen,UTC,2020-08-06T15:30:00+00:00,1596727800,1596727800,1596731400,618.0,Veritas Stadion,Åbo,Match Finished,FT,90,244,Veikkausliiga,Finland,https://media.api-sports.io/football/leagues/244.png,https://media.api-sports.io/flags/fi.svg,2020,Regular Season - 8,1168,Turku PS,https://media.api-sports.io/football/teams/1168.png,False,1169,Honka,https://media.api-sports.io/football/teams/1169.png,True,0,2,0,0,0,2,,,,
44,562925,D. Antamo,UTC,2020-08-09T14:00:00+00:00,1596981600,1596981600,1596985200,628.0,Rovaniemen Keskuskenttä,Rovaniemi,Match Finished,FT,90,244,Veikkausliiga,Finland,https://media.api-sports.io/football/leagues/244.png,https://media.api-sports.io/flags/fi.svg,2020,Regular Season - 8,1167,Rops,https://media.api-sports.io/football/teams/1167.png,False,587,IFK Mariehamn,https://media.api-sports.io/football/teams/587.png,True,2,3,1,1,2,3,,,,
45,562926,J. Hyytiä,UTC,2020-08-09T15:30:00+00:00,1596987000,1596987000,1596990600,618.0,Veritas Stadion,Åbo,Match Finished,FT,90,244,Veikkausliiga,Finland,https://media.api-sports.io/football/leagues/244.png,https://media.api-sports.io/flags/fi.svg,2020,Regular Season - 8,1164,Inter Turku,https://media.api-sports.io/football/teams/1164.png,True,2080,haka,https://media.api-sports.io/football/teams/2080.png,False,2,0,1,0,2,0,,,,
46,562927,V. Nevalainen,UTC,2020-08-09T15:30:00+00:00,1596987000,1596987000,1596990600,623.0,Lahden Stadion,Lahti,Match Finished,FT,90,244,Veikkausliiga,Finland,https://media.api-sports.io/football/leagues/244.png,https://media.api-sports.io/flags/fi.svg,2020,Regular Season - 8,1166,FC Lahti,https://media.api-sports.io/football/teams/1166.png,True,1163,Ilves Tampere,https://media.api-sports.io/football/teams/1163.png,False,3,2,2,0,3,2,,,,
47,562928,A. Munukka,UTC,2020-08-09T15:30:00+00:00,1596987000,1596987000,1596990600,622.0,Savon Sanomat Areena,Kuopio,Match Finished,FT,90,244,Veikkausliiga,Finland,https://media.api-sports.io/football/leagues/244.png,https://media.api-sports.io/flags/fi.svg,2020,Regular Season - 8,1165,KuPS,https://media.api-sports.io/football/teams/1165.png,False,649,HJK helsinki,https://media.api-sports.io/football/teams/649.png,True,0,3,0,1,0,3,,,,
48,562929,J. Järvinen,UTC,2020-08-10T15:30:00+00:00,1597073400,1597073400,1597077000,616.0,Tapiolan Urheilupuisto,Esbo,Match Finished,FT,90,244,Veikkausliiga,Finland,https://media.api-sports.io/football/leagues/244.png,https://media.api-sports.io/flags/fi.svg,2020,Regular Season - 9,1169,Honka,https://media.api-sports.io/football/teams/1169.png,,689,SJK,https://media.api-sports.io/football/teams/689.png,,0,0,0,0,0,0,,,,
49,562930,M. Al Emara,UTC,2020-08-10T15:30:00+00:00,1597073400,1597073400,1597077000,615.0,Bolt Arena,Helsinki,Match Finished,FT,90,244,Veikkausliiga,Finland,https://media.api-sports.io/football/leagues/244.png,https://media.api-sports.io/flags/fi.svg,2020,Regular Season - 9,1172,HIFK Elsinki,https://media.api-sports.io/football/teams/1172.png,True,1168,Turku PS,https://media.api-sports.io/football/teams/1168.png,False,2,0,0,0,2,0,,,,
50,562931,J. Laaksonen,UTC,2020-08-14T15:30:00+00:00,1597419000,1597419000,1597422600,623.0,Lahden Stadion,Lahti,Match Finished,FT,90,244,Veikkausliiga,Finland,https://media.api-sports.io/football/leagues/244.png,https://media.api-sports.io/flags/fi.svg,2020,Regular Season - 9,1166,FC Lahti,https://media.api-sports.io/football/teams/1166.png,True,1167,Rops,https://media.api-sports.io/football/teams/1167.png,False,3,0,1,0,3,0,,,,
51,562932,O. Hämäläinen,UTC,2020-08-14T15:30:00+00:00,1597419000,1597419000,1597422600,614.0,Tehtaan kenttä,Valkeakoski,Match Finished,FT,90,244,Veikkausliiga,Finland,https://media.api-sports.io/football/leagues/244.png,https://media.api-sports.io/flags/fi.svg,2020,Regular Season - 9,2080,haka,https://media.api-sports.io/football/teams/2080.png,False,1165,KuPS,https://media.api-sports.io/football/teams/1165.png,True,2,4,1,1,2,4,,,,
52,562933,P. Viljanen,UTC,2020-08-14T15:30:00+00:00,1597419000,1597419000,1597422600,618.0,Veritas Stadion,Åbo,Match Finished,FT,90,244,Veikkausliiga,Finland,https://media.api-sports.io/football/leagues/244.png,https://media.api-sports.io/flags/fi.svg,2020,Regular Season - 9,1164,Inter Turku,https://media.api-sports.io/football/teams/1164.png,True,1172,HIFK Elsinki,https://media.api-sports.io/football/teams/1172.png,False,3,2,1,1,3,2,,,,
53,562934,M. Al Emara,UTC,2020-08-15T14:00:00+00:00,1597500000,1597500000,1597503600,615.0,Bolt Arena,Helsinki,Match Finished,FT,90,244,Veikkausliiga,Finland,https://media.api-sports.io/football/leagues/244.png,https://media.api-sports.io/flags/fi.svg,2020,Regular Season - 9,649,HJK helsinki,https://media.api-sports.io/football/teams/649.png,,1169,Honka,https://media.api-sports.io/football/teams/1169.png,,1,1,0,1,1,1,,,,
54,562935,M. Juusola,UTC,2020-08-15T14:00:00+00:00,1597500000,1597500000,1597503600,10606.0,Ratinan Stadion,Tammerfors,Match Finished,FT,90,244,Veikkausliiga,Finland,https://media.api-sports.io/football/leagues/244.png,https://media.api-sports.io/flags/fi.svg,2020,Regular Season - 10,1163,Ilves Tampere,https://media.api-sports.io/football/teams/1163.png,,689,SJK,https://media.api-sports.io/football/teams/689.png,,0,0,0,0,0,0,,,,
55,562936,K. Mäkinen,UTC,2020-08-16T15:30:00+00:00,1597591800,1597591800,1597595400,,Wiklöf Holding Arena,Åland,Match Finished,FT,90,244,Veikkausliiga,Finland,https://media.api-sports.io/football/leagues/244.png,https://media.api-sports.io/flags/fi.svg,2020,Regular Season - 10,587,IFK Mariehamn,https://media.api-sports.io/football/teams/587.png,True,1168,Turku PS,https://media.api-sports.io/football/teams/1168.png,False,1,0,1,0,1,0,,,,
56,562937,P. Viljanen,UTC,2020-08-22T14:00:00+00:00,1598104800,1598104800,1598108400,10606.0,Ratinan Stadion,Tammerfors,Match Finished,FT,90,244,Veikkausliiga,Finland,https://media.api-sports.io/football/leagues/244.png,https://media.api-sports.io/flags/fi.svg,2020,Regular Season - 10,1163,Ilves Tampere,https://media.api-sports.io/football/teams/1163.png,True,1166,FC Lahti,https://media.api-sports.io/football/teams/1166.png,False,3,1,1,1,3,1,,,,
57,562938,J. Järvinen,UTC,2020-08-22T14:00:00+00:00,1598104800,1598104800,1598108400,622.0,Savon Sanomat Areena,Kuopio,Match Finished,FT,90,244,Veikkausliiga,Finland,https://media.api-sports.io/football/leagues/244.png,https://media.api-sports.io/flags/fi.svg,2020,Regular Season - 10,1165,KuPS,https://media.api-sports.io/football/teams/1165.png,True,587,IFK Mariehamn,https://media.api-sports.io/football/teams/587.png,False,2,1,1,0,2,1,,,,
58,562939,J. Hyytiä,UTC,2020-08-22T14:00:00+00:00,1598104800,1598104800,1598108400,628.0,Rovaniemen Keskuskenttä,Rovaniemi,Match Finished,FT,90,244,Veikkausliiga,Finland,https://media.api-sports.io/football/leagues/244.png,https://media.api-sports.io/flags/fi.svg,2020,Regular Season - 10,1167,Rops,https://media.api-sports.io/football/teams/1167.png,False,649,HJK helsinki,https://media.api-sports.io/football/teams/649.png,True,0,1,0,0,0,1,,,,
59,562940,M. Al Emara,UTC,2020-08-22T12:00:00+00:00,1598097600,1598097600,1598101200,618.0,Veritas Stadion,Åbo,Match Finished,FT,90,244,Veikkausliiga,Finland,https://media.api-sports.io/football/leagues/244.png,https://media.api-sports.io/flags/fi.svg,2020,Regular Season - 10,1168,Turku PS,https://media.api-sports.io/football/teams/1168.png,True,1164,Inter Turku,https://media.api-sports.io/football/teams/1164.png,False,1,0,1,0,1,0,,,,
60,562941,T. Pohjoismäki,UTC,2020-08-23T15:30:00+00:00,1598196600,1598196600,1598200200,615.0,Bolt Arena,Helsinki,Match Finished,FT,90,244,Veikkausliiga,Finland,https://media.api-sports.io/football/leagues/244.png,https://media.api-sports.io/flags/fi.svg,2020,Regular Season - 11,1172,HIFK Elsinki,https://media.api-sports.io/football/teams/1172.png,False,2080,haka,https://media.api-sports.io/football/teams/2080.png,True,0,1,0,1,0,1,,,,
61,562942,V. Nevalainen,UTC,2020-08-21T15:30:00+00:00,1598023800,1598023800,1598027400,629.0,OmaSP Stadion,Seinäjoki,Match Finished,FT,90,244,Veikkausliiga,Finland,https://media.api-sports.io/football/leagues/244.png,https://media.api-sports.io/flags/fi.svg,2020,Regular Season - 11,689,SJK,https://media.api-sports.io/football/teams/689.png,False,1169,Honka,https://media.api-sports.io/football/teams/1169.png,True,0,2,0,0,0,2,,,,
62,562943,J. Laaksonen,UTC,2020-08-26T15:30:00+00:00,1598455800,1598455800,1598459400,614.0,Tehtaan kenttä,Valkeakoski,Match Finished,FT,90,244,Veikkausliiga,Finland,https://media.api-sports.io/football/leagues/244.png,https://media.api-sports.io/flags/fi.svg,2020,Regular Season - 11,2080,haka,https://media.api-sports.io/football/teams/2080.png,,1166,FC Lahti,https://media.api-sports.io/football/teams/1166.png,,2,2,1,1,2,2,,,,
63,562944,J. Järvinen,UTC,2020-08-26T15:30:00+00:00,1598455800,1598455800,1598459400,615.0,Bolt Arena,Helsinki,Match Finished,FT,90,244,Veikkausliiga,Finland,https://media.api-sports.io/football/leagues/244.png,https://media.api-sports.io/flags/fi.svg,2020,Regular Season - 11,649,HJK helsinki,https://media.api-sports.io/football/teams/649.png,True,689,SJK,https://media.api-sports.io/football/teams/689.png,False,2,0,1,0,2,0,,,,
64,562945,O. Reitala,UTC,2020-08-26T15:30:00+00:00,1598455800,1598455800,1598459400,,Wiklöf Holding Arena,Åland,Match Finished,FT,90,244,Veikkausliiga,Finland,https://media.api-sports.io/football/leagues/244.png,https://media.api-sports.io/flags/fi.svg,2020,Regular Season - 11,587,IFK Mariehamn,https://media.api-sports.io/football/teams/587.png,True,1167,Rops,https://media.api-sports.io/football/teams/1167.png,False,4,0,2,0,4,0,,,,
65,562946,D. Antamo,UTC,2020-08-26T15:30:00+00:00,1598455800,1598455800,1598459400,618.0,Veritas Stadion,Åbo,Match Finished,FT,90,244,Veikkausliiga,Finland,https://media.api-sports.io/football/leagues/244.png,https://media.api-sports.io/flags/fi.svg,2020,Regular Season - 11,1168,Turku PS,https://media.api-sports.io/football/teams/1168.png,True,1172,HIFK Elsinki,https://media.api-sports.io/football/teams/1172.png,False,1,0,0,0,1,0,,,,
66,562947,V. Nevalainen,UTC,2020-08-29T15:30:00+00:00,1598715000,1598715000,1598718600,622.0,Savon Sanomat Areena,Kuopio,Match Finished,FT,90,244,Veikkausliiga,Finland,https://media.api-sports.io/football/leagues/244.png,https://media.api-sports.io/flags/fi.svg,2020,Regular Season - 12,1165,KuPS,https://media.api-sports.io/football/teams/1165.png,True,1168,Turku PS,https://media.api-sports.io/football/teams/1168.png,False,3,1,3,1,3,1,,,,
67,562948,M. Juusola,UTC,2020-08-29T14:00:00+00:00,1598709600,1598709600,1598713200,629.0,OmaSP Stadion,Seinäjoki,Match Finished,FT,90,244,Veikkausliiga,Finland,https://media.api-sports.io/football/leagues/244.png,https://media.api-sports.io/flags/fi.svg,2020,Regular Season - 12,689,SJK,https://media.api-sports.io/football/teams/689.png,True,1167,Rops,https://media.api-sports.io/football/teams/1167.png,False,2,1,1,0,2,1,,,,
68,562949,O. Hämäläinen,UTC,2020-09-01T15:30:00+00:00,1598974200,1598974200,1598977800,616.0,Tapiolan Urheilupuisto,Esbo,Match Finished,FT,90,244,Veikkausliiga,Finland,https://media.api-sports.io/football/leagues/244.png,https://media.api-sports.io/flags/fi.svg,2020,Regular Season - 12,1169,Honka,https://media.api-sports.io/football/teams/1169.png,False,1172,HIFK Elsinki,https://media.api-sports.io/football/teams/1172.png,True,0,1,0,1,0,1,,,,
69,562950,J. Laaksonen,UTC,2020-08-30T15:30:00+00:00,1598801400,1598801400,1598805000,615.0,Bolt Arena,Helsinki,Match Finished,FT,90,244,Veikkausliiga,Finland,https://media.api-sports.io/football/leagues/244.png,https://media.api-sports.io/flags/fi.svg,2020,Regular Season - 12,649,HJK helsinki,https://media.api-sports.io/football/teams/649.png,True,587,IFK Mariehamn,https://media.api-sports.io/football/teams/587.png,False,6,1,4,1,6,1,,,,
70,562951,D. Antamo,UTC,2020-08-31T15:30:00+00:00,1598887800,1598887800,1598891400,623.0,Lahden Stadion,Lahti,Match Finished,FT,90,244,Veikkausliiga,Finland,https://media.api-sports.io/football/leagues/244.png,https://media.api-sports.io/flags/fi.svg,2020,Regular Season - 12,1166,FC Lahti,https://media.api-sports.io/football/teams/1166.png,,1164,Inter Turku,https://media.api-sports.io/football/teams/1164.png,,2,2,2,0,2,2,,,,
71,562952,M. Gestranius,UTC,2020-09-01T15:30:00+00:00,1598974200,1598974200,1598977800,614.0,Tehtaan kenttä,Valkeakoski,Match Finished,FT,90,244,Veikkausliiga,Finland,https://media.api-sports.io/football/leagues/244.png,https://media.api-sports.io/flags/fi.svg,2020,Regular Season - 12,2080,haka,https://media.api-sports.io/football/teams/2080.png,False,1163,Ilves Tampere,https://media.api-sports.io/football/teams/1163.png,True,0,2,0,1,0,2,,,,
72,562953,J. Hyytiä,UTC,2020-09-09T15:30:00+00:00,1599665400,1599665400,1599669000,616.0,Tapiolan Urheilupuisto,Esbo,Match Finished,FT,90,244,Veikkausliiga,Finland,https://media.api-sports.io/football/leagues/244.png,https://media.api-sports.io/flags/fi.svg,2020,Regular Season - 13,1169,Honka,https://media.api-sports.io/football/teams/1169.png,True,1163,Ilves Tampere,https://media.api-sports.io/football/teams/1163.png,False,3,2,1,1,3,2,,,,
73,562954,P. Viljanen,UTC,2020-09-09T15:30:00+00:00,1599665400,1599665400,1599669000,,Wiklöf Holding Arena,Åland,Match Finished,FT,90,244,Veikkausliiga,Finland,https://media.api-sports.io/football/leagues/244.png,https://media.api-sports.io/flags/fi.svg,2020,Regular Season - 13,587,IFK Mariehamn,https://media.api-sports.io/football/teams/587.png,,1166,FC Lahti,https://media.api-sports.io/football/teams/1166.png,,2,2,0,1,2,2,,,,
74,562955,J. Järvinen,UTC,2020-09-09T15:30:00+00:00,1599665400,1599665400,1599669000,622.0,Savon Sanomat Areena,Kuopio,Match Finished,FT,90,244,Veikkausliiga,Finland,https://media.api-sports.io/football/leagues/244.png,https://media.api-sports.io/flags/fi.svg,2020,Regular Season - 13,1165,KuPS,https://media.api-sports.io/football/teams/1165.png,True,1167,Rops,https://media.api-sports.io/football/teams/1167.png,False,3,0,2,0,3,0,,,,
75,562956,M. Al Emara,UTC,2020-09-09T15:30:00+00:00,1599665400,1599665400,1599669000,629.0,OmaSP Stadion,Seinäjoki,Match Finished,FT,90,244,Veikkausliiga,Finland,https://media.api-sports.io/football/leagues/244.png,https://media.api-sports.io/flags/fi.svg,2020,Regular Season - 13,689,SJK,https://media.api-sports.io/football/teams/689.png,True,1164,Inter Turku,https://media.api-sports.io/football/teams/1164.png,False,3,2,2,1,3,2,,,,
76,562957,A. Munukka,UTC,2020-09-09T15:30:00+00:00,1599665400,1599665400,1599669000,618.0,Veritas Stadion,Åbo,Match Finished,FT,90,244,Veikkausliiga,Finland,https://media.api-sports.io/football/leagues/244.png,https://media.api-sports.io/flags/fi.svg,2020,Regular Season - 13,1168,Turku PS,https://media.api-sports.io/football/teams/1168.png,False,2080,haka,https://media.api-sports.io/football/teams/2080.png,True,2,3,1,2,2,3,,,,
77,562958,M. Gestranius,UTC,2020-09-10T15:30:00+00:00,1599751800,1599751800,1599755400,615.0,Bolt Arena,Helsinki,Match Finished,FT,90,244,Veikkausliiga,Finland,https://media.api-sports.io/football/leagues/244.png,https://media.api-sports.io/flags/fi.svg,2020,Regular Season - 13,1172,HIFK Elsinki,https://media.api-sports.io/football/teams/1172.png,True,649,HJK helsinki,https://media.api-sports.io/football/teams/649.png,False,4,3,3,1,4,3,,,,
78,562959,V. Nevalainen,UTC,2020-09-12T14:00:00+00:00,1599919200,1599919200,1599922800,614.0,Tehtaan kenttä,Valkeakoski,Match Finished,FT,90,244,Veikkausliiga,Finland,https://media.api-sports.io/football/leagues/244.png,https://media.api-sports.io/flags/fi.svg,2020,Regular Season - 14,2080,haka,https://media.api-sports.io/football/teams/2080.png,False,689,SJK,https://media.api-sports.io/football/teams/689.png,True,1,4,0,2,1,4,,,,
79,562960,P. Viljanen,UTC,2020-09-12T14:00:00+00:00,1599919200,1599919200,1599922800,628.0,Rovaniemen Keskuskenttä,Rovaniemi,Match Finished,FT,90,244,Veikkausliiga,Finland,https://media.api-sports.io/football/leagues/244.png,https://media.api-sports.io/flags/fi.svg,2020,Regular Season - 14,1167,Rops,https://media.api-sports.io/football/teams/1167.png,False,1169,Honka,https://media.api-sports.io/football/teams/1169.png,True,1,3,0,2,1,3,,,,
80,562961,O. Hämäläinen,UTC,2020-09-13T15:30:00+00:00,1600011000,1600011000,1600014600,10606.0,Ratinan Stadion,Tammerfors,Match Finished,FT,90,244,Veikkausliiga,Finland,https://media.api-sports.io/football/leagues/244.png,https://media.api-sports.io/flags/fi.svg,2020,Regular Season - 14,1163,Ilves Tampere,https://media.api-sports.io/football/teams/1163.png,False,649,HJK helsinki,https://media.api-sports.io/football/teams/649.png,True,1,2,0,1,1,2,,,,
81,562962,D. Antamo,UTC,2020-09-14T15:00:00+00:00,1600095600,1600095600,1600099200,618.0,Veritas Stadion,Åbo,Match Finished,FT,90,244,Veikkausliiga,Finland,https://media.api-sports.io/football/leagues/244.png,https://media.api-sports.io/flags/fi.svg,2020,Regular Season - 14,1168,Turku PS,https://media.api-sports.io/football/teams/1168.png,,587,IFK Mariehamn,https://media.api-sports.io/football/teams/587.png,,1,1,0,0,1,1,,,,
82,562963,M. Al Emara,UTC,2020-09-14T15:30:00+00:00,1600097400,1600097400,1600101000,623.0,Lahden Stadion,Lahti,Match Finished,FT,90,244,Veikkausliiga,Finland,https://media.api-sports.io/football/leagues/244.png,https://media.api-sports.io/flags/fi.svg,2020,Regular Season - 14,1166,FC Lahti,https://media.api-sports.io/football/teams/1166.png,False,1165,KuPS,https://media.api-sports.io/football/teams/1165.png,True,1,2,1,0,1,2,,,,
83,562964,A. Munukka,UTC,2020-09-14T15:30:00+00:00,1600097400,1600097400,1600101000,615.0,Bolt Arena,Helsinki,Match Finished,FT,90,244,Veikkausliiga,Finland,https://media.api-sports.io/football/leagues/244.png,https://media.api-sports.io/flags/fi.svg,2020,Regular Season - 14,1172,HIFK Elsinki,https://media.api-sports.io/football/teams/1172.png,,1164,Inter Turku,https://media.api-sports.io/football/teams/1164.png,,0,0,0,0,0,0,,,,
84,562965,O. Hämäläinen,UTC,2020-09-17T15:30:00+00:00,1600356600,1600356600,1600360200,623.0,Lahden Stadion,Lahti,Match Finished,FT,90,244,Veikkausliiga,Finland,https://media.api-sports.io/football/leagues/244.png,https://media.api-sports.io/flags/fi.svg,2020,Regular Season - 15,1166,FC Lahti,https://media.api-sports.io/football/teams/1166.png,,1168,Turku PS,https://media.api-sports.io/football/teams/1168.png,,1,1,0,0,1,1,,,,
85,562966,A. Munukka,UTC,2020-09-20T10:00:00+00:00,1600596000,1600596000,1600599600,616.0,Tapiolan Urheilupuisto,Esbo,Match Finished,FT,90,244,Veikkausliiga,Finland,https://media.api-sports.io/football/leagues/244.png,https://media.api-sports.io/flags/fi.svg,2020,Regular Season - 15,1169,Honka,https://media.api-sports.io/football/teams/1169.png,,649,HJK helsinki,https://media.api-sports.io/football/teams/649.png,,0,0,0,0,0,0,,,,
86,562967,J. Hyytiä,UTC,2020-09-19T14:00:00+00:00,1600524000,1600524000,1600527600,618.0,Veritas Stadion,Åbo,Match Finished,FT,90,244,Veikkausliiga,Finland,https://media.api-sports.io/football/leagues/244.png,https://media.api-sports.io/flags/fi.svg,2020,Regular Season - 15,1164,Inter Turku,https://media.api-sports.io/football/teams/1164.png,False,689,SJK,https://media.api-sports.io/football/teams/689.png,True,0,1,0,1,0,1,,,,
87,562968,O. Reitala,UTC,2020-09-19T14:00:00+00:00,1600524000,1600524000,1600527600,615.0,Bolt Arena,Helsinki,Match Finished,FT,90,244,Veikkausliiga,Finland,https://media.api-sports.io/football/leagues/244.png,https://media.api-sports.io/flags/fi.svg,2020,Regular Season - 15,1172,HIFK Elsinki,https://media.api-sports.io/football/teams/1172.png,,587,IFK Mariehamn,https://media.api-sports.io/football/teams/587.png,,2,2,2,0,2,2,,,,
88,562969,M. Gestranius,UTC,2020-09-19T14:00:00+00:00,1600524000,1600524000,1600527600,10606.0,Ratinan Stadion,Tammerfors,Match Finished,FT,90,244,Veikkausliiga,Finland,https://media.api-sports.io/football/leagues/244.png,https://media.api-sports.io/flags/fi.svg,2020,Regular Season - 15,1163,Ilves Tampere,https://media.api-sports.io/football/teams/1163.png,,2080,haka,https://media.api-sports.io/football/teams/2080.png,,1,1,1,0,1,1,,,,
89,562970,K. Mäkinen,UTC,2020-09-20T15:30:00+00:00,1600615800,1600615800,1600619400,628.0,Rovaniemen Keskuskenttä,Rovaniemi,Match Finished,FT,90,244,Veikkausliiga,Finland,https://media.api-sports.io/football/leagues/244.png,https://media.api-sports.io/flags/fi.svg,2020,Regular Season - 15,1167,Rops,https://media.api-sports.io/football/teams/1167.png,False,1165,KuPS,https://media.api-sports.io/football/teams/1165.png,True,0,2,0,2,0,2,,,,
90,562971,M. Al Emara,UTC,2020-09-23T15:30:00+00:00,1600875000,1600875000,1600878600,614.0,Tehtaan kenttä,Valkeakoski,Match Finished,FT,90,244,Veikkausliiga,Finland,https://media.api-sports.io/football/leagues/244.png,https://media.api-sports.io/flags/fi.svg,2020,Regular Season - 16,2080,haka,https://media.api-sports.io/football/teams/2080.png,False,1167,Rops,https://media.api-sports.io/football/teams/1167.png,True,0,2,0,0,0,2,,,,
91,562972,O. Reitala,UTC,2020-09-23T15:30:00+00:00,1600875000,1600875000,1600878600,618.0,Veritas Stadion,Åbo,Match Finished,FT,90,244,Veikkausliiga,Finland,https://media.api-sports.io/football/leagues/244.png,https://media.api-sports.io/flags/fi.svg,2020,Regular Season - 16,1164,Inter Turku,https://media.api-sports.io/football/teams/1164.png,,1169,Honka,https://media.api-sports.io/football/teams/1169.png,,0,0,0,0,0,0,,,,
92,562973,O. Hämäläinen,UTC,2020-09-24T15:30:00+00:00,1600961400,1600961400,1600965000,615.0,Bolt Arena,Helsinki,Match Finished,FT,90,244,Veikkausliiga,Finland,https://media.api-sports.io/football/leagues/244.png,https://media.api-sports.io/flags/fi.svg,2020,Regular Season - 16,649,HJK helsinki,https://media.api-sports.io/football/teams/649.png,,1168,Turku PS,https://media.api-sports.io/football/teams/1168.png,,2,2,0,0,2,2,,,,
93,562974,J. Hyytiä,UTC,2020-09-23T15:30:00+00:00,1600875000,1600875000,1600878600,,Wiklöf Holding Arena,Åland,Match Finished,FT,90,244,Veikkausliiga,Finland,https://media.api-sports.io/football/leagues/244.png,https://media.api-sports.io/flags/fi.svg,2020,Regular Season - 16,587,IFK Mariehamn,https://media.api-sports.io/football/teams/587.png,False,1163,Ilves Tampere,https://media.api-sports.io/football/teams/1163.png,True,0,2,0,0,0,2,,,,
94,562975,V. Nevalainen,UTC,2020-10-08T15:30:00+00:00,1602171000,1602171000,1602174600,622.0,Savon Sanomat Areena,Kuopio,Match Finished,FT,90,244,Veikkausliiga,Finland,https://media.api-sports.io/football/leagues/244.png,https://media.api-sports.io/flags/fi.svg,2020,Regular Season - 16,1165,KuPS,https://media.api-sports.io/football/teams/1165.png,True,1172,HIFK Elsinki,https://media.api-sports.io/football/teams/1172.png,False,3,2,2,0,3,2,,,,
95,562976,D. Antamo,UTC,2020-09-23T15:30:00+00:00,1600875000,1600875000,1600878600,629.0,OmaSP Stadion,Seinäjoki,Match Finished,FT,90,244,Veikkausliiga,Finland,https://media.api-sports.io/football/leagues/244.png,https://media.api-sports.io/flags/fi.svg,2020,Regular Season - 16,689,SJK,https://media.api-sports.io/football/teams/689.png,False,1166,FC Lahti,https://media.api-sports.io/football/teams/1166.png,True,0,1,0,0,0,1,,,,
96,562977,M. Al Emara,UTC,2020-09-28T15:30:00+00:00,1601307000,1601307000,1601310600,615.0,Bolt Arena,Helsinki,Match Finished,FT,90,244,Veikkausliiga,Finland,https://media.api-sports.io/football/leagues/244.png,https://media.api-sports.io/flags/fi.svg,2020,Regular Season - 17,649,HJK helsinki,https://media.api-sports.io/football/teams/649.png,True,1167,Rops,https://media.api-sports.io/football/teams/1167.png,False,4,0,3,0,4,0,,,,
97,562978,A. Munukka,UTC,2020-09-27T15:30:00+00:00,1601220600,1601220600,1601224200,616.0,Tapiolan Urheilupuisto,Esbo,Match Finished,FT,90,244,Veikkausliiga,Finland,https://media.api-sports.io/football/leagues/244.png,https://media.api-sports.io/flags/fi.svg,2020,Regular Season - 17,1169,Honka,https://media.api-sports.io/football/teams/1169.png,False,2080,haka,https://media.api-sports.io/football/teams/2080.png,True,1,2,1,1,1,2,,,,
98,562979,J. Järvinen,UTC,2020-09-27T15:30:00+00:00,1601220600,1601220600,1601224200,,Wiklöf Holding Arena,Åland,Match Finished,FT,90,244,Veikkausliiga,Finland,https://media.api-sports.io/football/leagues/244.png,https://media.api-sports.io/flags/fi.svg,2020,Regular Season - 17,587,IFK Mariehamn,https://media.api-sports.io/football/teams/587.png,False,1165,KuPS,https://media.api-sports.io/football/teams/1165.png,True,0,2,0,1,0,2,,,,
99,562980,V. Nevalainen,UTC,2020-09-27T15:30:00+00:00,1601220600,1601220600,1601224200,10606.0,Ratinan Stadion,Tammerfors,Match Finished,FT,90,244,Veikkausliiga,Finland,https://media.api-sports.io/football/leagues/244.png,https://media.api-sports.io/flags/fi.svg,2020,Regular Season - 17,1163,Ilves Tampere,https://media.api-sports.io/football/teams/1163.png,True,1168,Turku PS,https://media.api-sports.io/football/teams/1168.png,False,4,0,2,0,4,0,,,,
100,562981,M. Gestranius,UTC,2020-09-28T15:30:00+00:00,1601307000,1601307000,1601310600,618.0,Veritas Stadion,Åbo,Match Finished,FT,90,244,Veikkausliiga,Finland,https://media.api-sports.io/football/leagues/244.png,https://media.api-sports.io/flags/fi.svg,2020,Regular Season - 17,1164,Inter Turku,https://media.api-sports.io/football/teams/1164.png,True,1166,FC Lahti,https://media.api-sports.io/football/teams/1166.png,False,3,0,1,0,3,0,,,,
101,562982,P. Viljanen,UTC,2020-09-28T15:30:00+00:00,1601307000,1601307000,1601310600,629.0,OmaSP Stadion,Seinäjoki,Match Finished,FT,90,244,Veikkausliiga,Finland,https://media.api-sports.io/football/leagues/244.png,https://media.api-sports.io/flags/fi.svg,2020,Regular Season - 17,689,SJK,https://media.api-sports.io/football/teams/689.png,True,1172,HIFK Elsinki,https://media.api-sports.io/football/teams/1172.png,False,3,2,2,0,3,2,,,,
102,562983,D. Antamo,UTC,2020-08-18T15:30:00+00:00,1597764600,1597764600,1597768200,614.0,Tehtaan kenttä,Valkeakoski,Match Finished,FT,90,244,Veikkausliiga,Finland,https://media.api-sports.io/football/leagues/244.png,https://media.api-sports.io/flags/fi.svg,2020,Regular Season - 18,2080,haka,https://media.api-sports.io/football/teams/2080.png,False,649,HJK helsinki,https://media.api-sports.io/football/teams/649.png,True,1,4,0,0,1,4,,,,
103,562984,M. Al Emara,UTC,2020-10-02T15:30:00+00:00,1601652600,1601652600,1601656200,623.0,Lahden Stadion,Lahti,Match Finished,FT,90,244,Veikkausliiga,Finland,https://media.api-sports.io/football/leagues/244.png,https://media.api-sports.io/flags/fi.svg,2020,Regular Season - 18,1166,FC Lahti,https://media.api-sports.io/football/teams/1166.png,True,587,IFK Mariehamn,https://media.api-sports.io/football/teams/587.png,False,3,1,0,1,3,1,,,,
104,562985,V. Nevalainen,UTC,2020-10-02T15:30:00+00:00,1601652600,1601652600,1601656200,615.0,Bolt Arena,Helsinki,Match Finished,FT,90,244,Veikkausliiga,Finland,https://media.api-sports.io/football/leagues/244.png,https://media.api-sports.io/flags/fi.svg,2020,Regular Season - 18,1172,HIFK Elsinki,https://media.api-sports.io/football/teams/1172.png,,1169,Honka,https://media.api-sports.io/football/teams/1169.png,,1,1,1,0,1,1,,,,
105,562986,O. Hämäläinen,UTC,2020-10-05T15:30:00+00:00,1601911800,1601911800,1601915400,622.0,Savon Sanomat Areena,Kuopio,Match Finished,FT,90,244,Veikkausliiga,Finland,https://media.api-sports.io/football/leagues/244.png,https://media.api-sports.io/flags/fi.svg,2020,Regular Season - 18,1165,KuPS,https://media.api-sports.io/football/teams/1165.png,,1163,Ilves Tampere,https://media.api-sports.io/football/teams/1163.png,,1,1,0,0,1,1,,,,
106,562987,A. Munukka,UTC,2020-08-18T15:30:00+00:00,1597764600,1597764600,1597768200,628.0,Rovaniemen Keskuskenttä,Rovaniemi,Match Finished,FT,90,244,Veikkausliiga,Finland,https://media.api-sports.io/football/leagues/244.png,https://media.api-sports.io/flags/fi.svg,2020,Regular Season - 18,1167,Rops,https://media.api-sports.io/football/teams/1167.png,False,1164,Inter Turku,https://media.api-sports.io/football/teams/1164.png,True,0,2,0,0,0,2,,,,
107,562988,M. Gestranius,UTC,2020-10-31T14:00:00+00:00,1604152800,1604152800,1604156400,618.0,Veritas Stadion,Åbo,Match Finished,FT,90,244,Veikkausliiga,Finland,https://media.api-sports.io/football/leagues/244.png,https://media.api-sports.io/flags/fi.svg,2020,Regular Season - 18,1168,Turku PS,https://media.api-sports.io/football/teams/1168.png,True,689,SJK,https://media.api-sports.io/football/teams/689.png,False,1,0,0,0,1,0,,,,
108,562989,V. Nevalainen,UTC,2020-10-16T15:30:00+00:00,1602862200,1602862200,1602865800,614.0,Tehtaan kenttä,Valkeakoski,Match Finished,FT,90,244,Veikkausliiga,Finland,https://media.api-sports.io/football/leagues/244.png,https://media.api-sports.io/flags/fi.svg,2020,Regular Season - 19,2080,haka,https://media.api-sports.io/football/teams/2080.png,True,1168,Turku PS,https://media.api-sports.io/football/teams/1168.png,False,2,1,1,0,2,1,,,,
109,562990,J. Hyytiä,UTC,2020-10-15T15:30:00+00:00,1602775800,1602775800,1602779400,616.0,Tapiolan Urheilupuisto,Esbo,Match Finished,FT,90,244,Veikkausliiga,Finland,https://media.api-sports.io/football/leagues/244.png,https://media.api-sports.io/flags/fi.svg,2020,Regular Season - 19,1169,Honka,https://media.api-sports.io/football/teams/1169.png,True,587,IFK Mariehamn,https://media.api-sports.io/football/teams/587.png,False,1,0,1,0,1,0,,,,
110,562991,M. Gestranius,UTC,2020-10-15T15:30:00+00:00,1602775800,1602775800,1602779400,618.0,Veritas Stadion,Åbo,Match Finished,FT,90,244,Veikkausliiga,Finland,https://media.api-sports.io/football/leagues/244.png,https://media.api-sports.io/flags/fi.svg,2020,Regular Season - 19,1164,Inter Turku,https://media.api-sports.io/football/teams/1164.png,True,1165,KuPS,https://media.api-sports.io/football/teams/1165.png,False,2,0,1,0,2,0,,,,
111,562992,M. Juusola,UTC,2020-10-15T15:30:00+00:00,1602775800,1602775800,1602779400,615.0,Bolt Arena,Helsinki,Match Finished,FT,90,244,Veikkausliiga,Finland,https://media.api-sports.io/football/leagues/244.png,https://media.api-sports.io/flags/fi.svg,2020,Regular Season - 19,1172,HIFK Elsinki,https://media.api-sports.io/football/teams/1172.png,False,1163,Ilves Tampere,https://media.api-sports.io/football/teams/1163.png,True,1,2,0,0,1,2,,,,
112,562993,J. Järvinen,UTC,2020-10-15T15:00:00+00:00,1602774000,1602774000,1602777600,628.0,Rovaniemen Keskuskenttä,Rovaniemi,Match Finished,FT,90,244,Veikkausliiga,Finland,https://media.api-sports.io/football/leagues/244.png,https://media.api-sports.io/flags/fi.svg,2020,Regular Season - 19,1167,Rops,https://media.api-sports.io/football/teams/1167.png,False,1166,FC Lahti,https://media.api-sports.io/football/teams/1166.png,True,0,4,0,1,0,4,,,,
113,562994,K. Mäkinen,UTC,2020-10-15T15:30:00+00:00,1602775800,1602775800,1602779400,629.0,OmaSP Stadion,Seinäjoki,Match Finished,FT,90,244,Veikkausliiga,Finland,https://media.api-sports.io/football/leagues/244.png,https://media.api-sports.io/flags/fi.svg,2020,Regular Season - 19,689,SJK,https://media.api-sports.io/football/teams/689.png,False,649,HJK helsinki,https://media.api-sports.io/football/teams/649.png,True,1,2,1,1,1,2,,,,
114,562995,J. Hyytiä,UTC,2020-10-19T15:30:00+00:00,1603121400,1603121400,1603125000,623.0,Lahden Stadion,Lahti,Match Finished,FT,90,244,Veikkausliiga,Finland,https://media.api-sports.io/football/leagues/244.png,https://media.api-sports.io/flags/fi.svg,2020,Regular Season - 20,1166,FC Lahti,https://media.api-sports.io/football/teams/1166.png,,2080,haka,https://media.api-sports.io/football/teams/2080.png,,0,0,0,0,0,0,,,,
115,562996,A. Munukka,UTC,2020-10-18T13:00:00+00:00,1603026000,1603026000,1603029600,615.0,Bolt Arena,Helsinki,Match Finished,FT,90,244,Veikkausliiga,Finland,https://media.api-sports.io/football/leagues/244.png,https://media.api-sports.io/flags/fi.svg,2020,Regular Season - 20,649,HJK helsinki,https://media.api-sports.io/football/teams/649.png,True,1172,HIFK Elsinki,https://media.api-sports.io/football/teams/1172.png,False,3,0,0,0,3,0,,,,
116,562997,D. Antamo,UTC,2020-10-18T13:00:00+00:00,1603026000,1603026000,1603029600,,Wiklöf Holding Arena,Åland,Match Finished,FT,90,244,Veikkausliiga,Finland,https://media.api-sports.io/football/leagues/244.png,https://media.api-sports.io/flags/fi.svg,2020,Regular Season - 20,587,IFK Mariehamn,https://media.api-sports.io/football/teams/587.png,False,689,SJK,https://media.api-sports.io/football/teams/689.png,True,2,3,0,1,2,3,,,,
117,562998,V. Nevalainen,UTC,2020-10-18T13:00:00+00:00,1603026000,1603026000,1603029600,10606.0,Ratinan Stadion,Tammerfors,Match Finished,FT,90,244,Veikkausliiga,Finland,https://media.api-sports.io/football/leagues/244.png,https://media.api-sports.io/flags/fi.svg,2020,Regular Season - 20,1163,Ilves Tampere,https://media.api-sports.io/football/teams/1163.png,False,1164,Inter Turku,https://media.api-sports.io/football/teams/1164.png,True,0,2,0,0,0,2,,,,
118,562999,P. Viljanen,UTC,2020-10-18T13:00:00+00:00,1603026000,1603026000,1603029600,622.0,Savon Sanomat Areena,Kuopio,Match Finished,FT,90,244,Veikkausliiga,Finland,https://media.api-sports.io/football/leagues/244.png,https://media.api-sports.io/flags/fi.svg,2020,Regular Season - 20,1165,KuPS,https://media.api-sports.io/football/teams/1165.png,False,1169,Honka,https://media.api-sports.io/football/teams/1169.png,True,0,2,0,1,0,2,,,,
119,563000,M. Al Emara,UTC,2020-10-19T15:30:00+00:00,1603121400,1603121400,1603125000,618.0,Veritas Stadion,Åbo,Match Finished,FT,90,244,Veikkausliiga,Finland,https://media.api-sports.io/football/leagues/244.png,https://media.api-sports.io/flags/fi.svg,2020,Regular Season - 20,1168,Turku PS,https://media.api-sports.io/football/teams/1168.png,True,1167,Rops,https://media.api-sports.io/football/teams/1167.png,False,4,1,3,0,4,1,,,,
120,563001,J. Järvinen,UTC,2020-10-22T15:30:00+00:00,1603380600,1603380600,1603384200,616.0,Tapiolan Urheilupuisto,Esbo,Match Finished,FT,90,244,Veikkausliiga,Finland,https://media.api-sports.io/football/leagues/244.png,https://media.api-sports.io/flags/fi.svg,2020,Regular Season - 21,1169,Honka,https://media.api-sports.io/football/teams/1169.png,True,1166,FC Lahti,https://media.api-sports.io/football/teams/1166.png,False,2,1,2,0,2,1,,,,
121,563002,D. Antamo,UTC,2020-10-22T15:30:00+00:00,1603380600,1603380600,1603384200,618.0,Veritas Stadion,Åbo,Match Finished,FT,90,244,Veikkausliiga,Finland,https://media.api-sports.io/football/leagues/244.png,https://media.api-sports.io/flags/fi.svg,2020,Regular Season - 21,1164,Inter Turku,https://media.api-sports.io/football/teams/1164.png,True,1168,Turku PS,https://media.api-sports.io/football/teams/1168.png,False,3,0,3,0,3,0,,,,
122,563003,T. Pohjoismäki,UTC,2020-10-22T15:00:00+00:00,1603378800,1603378800,1603382400,615.0,Bolt Arena,Helsinki,Match Finished,FT,90,244,Veikkausliiga,Finland,https://media.api-sports.io/football/leagues/244.png,https://media.api-sports.io/flags/fi.svg,2020,Regular Season - 21,1172,HIFK Elsinki,https://media.api-sports.io/football/teams/1172.png,True,1167,Rops,https://media.api-sports.io/football/teams/1167.png,False,1,0,0,0,1,0,,,,
123,563004,A. Munukka,UTC,2020-11-01T15:30:00+00:00,1604244600,1604244600,1604248200,,Wiklöf Holding Arena,Åland,Match Finished,FT,90,244,Veikkausliiga,Finland,https://media.api-sports.io/football/leagues/244.png,https://media.api-sports.io/flags/fi.svg,2020,Regular Season - 21,587,IFK Mariehamn,https://media.api-sports.io/football/teams/587.png,False,649,HJK helsinki,https://media.api-sports.io/football/teams/649.png,True,0,5,0,3,0,5,,,,
124,563005,V. Nevalainen,UTC,2020-10-22T15:30:00+00:00,1603380600,1603380600,1603384200,622.0,Savon Sanomat Areena,Kuopio,Match Finished,FT,90,244,Veikkausliiga,Finland,https://media.api-sports.io/football/leagues/244.png,https://media.api-sports.io/flags/fi.svg,2020,Regular Season - 21,1165,KuPS,https://media.api-sports.io/football/teams/1165.png,False,2080,haka,https://media.api-sports.io/football/teams/2080.png,True,2,3,1,0,2,3,,,,
125,563006,M. Al Emara,UTC,2020-10-22T15:30:00+00:00,1603380600,1603380600,1603384200,629.0,OmaSP Stadion,Seinäjoki,Match Finished,FT,90,244,Veikkausliiga,Finland,https://media.api-sports.io/football/leagues/244.png,https://media.api-sports.io/flags/fi.svg,2020,Regular Season - 21,689,SJK,https://media.api-sports.io/football/teams/689.png,False,1163,Ilves Tampere,https://media.api-sports.io/football/teams/1163.png,True,1,3,1,3,1,3,,,,
126,563007,P. Viljanen,UTC,2020-11-04T16:30:00+00:00,1604507400,1604507400,1604511000,614.0,Tehtaan kenttä,Valkeakoski,Match Finished,FT,90,244,Veikkausliiga,Finland,https://media.api-sports.io/football/leagues/244.png,https://media.api-sports.io/flags/fi.svg,2020,Regular Season - 22,2080,haka,https://media.api-sports.io/football/teams/2080.png,False,587,IFK Mariehamn,https://media.api-sports.io/football/teams/587.png,True,0,1,0,1,0,1,,,,
127,563008,V. Nevalainen,UTC,2020-11-04T16:30:00+00:00,1604507400,1604507400,1604511000,623.0,Lahden Stadion,Lahti,Match Finished,FT,90,244,Veikkausliiga,Finland,https://media.api-sports.io/football/leagues/244.png,https://media.api-sports.io/flags/fi.svg,2020,Regular Season - 22,1166,FC Lahti,https://media.api-sports.io/football/teams/1166.png,True,1172,HIFK Elsinki,https://media.api-sports.io/football/teams/1172.png,False,2,1,0,0,2,1,,,,
128,563009,A. Munukka,UTC,2020-11-04T16:30:00+00:00,1604507400,1604507400,1604511000,615.0,Bolt Arena,Helsinki,Match Finished,FT,90,244,Veikkausliiga,Finland,https://media.api-sports.io/football/leagues/244.png,https://media.api-sports.io/flags/fi.svg,2020,Regular Season - 22,649,HJK helsinki,https://media.api-sports.io/football/teams/649.png,,1164,Inter Turku,https://media.api-sports.io/football/teams/1164.png,,1,1,0,0,1,1,,,,
129,563010,A. Dennis,UTC,2020-11-04T16:30:00+00:00,1604507400,1604507400,1604511000,10606.0,Ratinan Stadion,Tammerfors,Match Finished,FT,90,244,Veikkausliiga,Finland,https://media.api-sports.io/football/leagues/244.png,https://media.api-sports.io/flags/fi.svg,2020,Regular Season - 22,1163,Ilves Tampere,https://media.api-sports.io/football/teams/1163.png,True,1169,Honka,https://media.api-sports.io/football/teams/1169.png,False,4,1,2,1,4,1,,,,
130,563011,M. Al Emara,UTC,2020-11-04T16:30:00+00:00,1604507400,1604507400,1604511000,628.0,Rovaniemen Keskuskenttä,Rovaniemi,Match Finished,FT,90,244,Veikkausliiga,Finland,https://media.api-sports.io/football/leagues/244.png,https://media.api-sports.io/flags/fi.svg,2020,Regular Season - 22,1167,Rops,https://media.api-sports.io/football/teams/1167.png,False,689,SJK,https://media.api-sports.io/football/teams/689.png,True,2,3,0,0,2,3,,,,
131,563012,O. Hämäläinen,UTC,2020-11-04T16:30:00+00:00,1604507400,1604507400,1604511000,618.0,Veritas Stadion,Åbo,Match Finished,FT,90,244,Veikkausliiga,Finland,https://media.api-sports.io/football/leagues/244.png,https://media.api-sports.io/flags/fi.svg,2020,Regular Season - 22,1168,Turku PS,https://media.api-sports.io/football/teams/1168.png,True,1165,KuPS,https://media.api-sports.io/football/teams/1165.png,False,3,2,1,1,3,2,,,,
132,646346,,UTC,2020-11-11T16:30:00+00:00,1605112200,1605112200,1605115800,621.0,Arto Tolsa Areena,Kotka,Match Finished,FT,90,244,Veikkausliiga,Finland,https://media.api-sports.io/football/leagues/244.png,https://media.api-sports.io/flags/fi.svg,2020,Relegation Round,2076,Kooteepee,https://media.api-sports.io/football/teams/2076.png,,1168,Turku PS,https://media.api-sports.io/football/teams/1168.png,,0,0,0,0,0,0,,,,
133,646347,,UTC,2020-11-14T14:00:00+00:00,1605362400,1605362400,1605366000,618.0,Veritas Stadion,Åbo,Match Finished,FT,90,244,Veikkausliiga,Finland,https://media.api-sports.io/football/leagues/244.png,https://media.api-sports.io/flags/fi.svg,2020,Relegation Round,1168,Turku PS,https://media.api-sports.io/football/teams/1168.png,,2076,Kooteepee,https://media.api-sports.io/football/teams/2076.png,,1,1,0,0,1,1,,,,
