,form,lineups,league.id,league.name,league.country,league.logo,league.flag,league.season,team.id,team.name,team.logo,fixtures.played.home,fixtures.played.away,fixtures.played.total,fixtures.wins.home,fixtures.wins.away,fixtures.wins.total,fixtures.draws.home,fixtures.draws.away,fixtures.draws.total,fixtures.loses.home,fixtures.loses.away,fixtures.loses.total,goals.for.total.home,goals.for.total.away,goals.for.total.total,goals.for.average.home,goals.for.average.away,goals.for.average.total,goals.for.minute.0-15.total,goals.for.minute.0-15.percentage,goals.for.minute.16-30.total,goals.for.minute.16-30.percentage,goals.for.minute.31-45.total,goals.for.minute.31-45.percentage,goals.for.minute.46-60.total,goals.for.minute.46-60.percentage,goals.for.minute.61-75.total,goals.for.minute.61-75.percentage,goals.for.minute.76-90.total,goals.for.minute.76-90.percentage,goals.for.minute.91-105.total,goals.for.minute.91-105.percentage,goals.for.minute.106-120.total,goals.for.minute.106-120.percentage,goals.against.total.home,goals.against.total.away,goals.against.total.total,goals.against.average.home,goals.against.average.away,goals.against.average.total,goals.against.minute.0-15.total,goals.against.minute.0-15.percentage,goals.against.minute.16-30.total,goals.against.minute.16-30.percentage,goals.against.minute.31-45.total,goals.against.minute.31-45.percentage,goals.against.minute.46-60.total,goals.against.minute.46-60.percentage,goals.against.minute.61-75.total,goals.against.minute.61-75.percentage,goals.against.minute.76-90.total,goals.against.minute.76-90.percentage,goals.against.minute.91-105.total,goals.against.minute.91-105.percentage,goals.against.minute.106-120.total,goals.against.minute.106-120.percentage,biggest.streak.wins,biggest.streak.draws,biggest.streak.loses,biggest.wins.home,biggest.wins.away,biggest.loses.home,biggest.loses.away,biggest.goals.for.home,biggest.goals.for.away,biggest.goals.against.home,biggest.goals.against.away,clean_sheet.home,clean_sheet.away,clean_sheet.total,failed_to_score.home,failed_to_score.away,failed_to_score.total,penalty.scored.total,penalty.scored.percentage,penalty.missed.total,penalty.missed.percentage,penalty.total,cards.yellow.0-15.total,cards.yellow.0-15.percentage,cards.yellow.16-30.total,cards.yellow.16-30.percentage,cards.yellow.31-45.total,cards.yellow.31-45.percentage,cards.yellow.46-60.total,cards.yellow.46-60.percentage,cards.yellow.61-75.total,cards.yellow.61-75.percentage,cards.yellow.76-90.total,cards.yellow.76-90.percentage,cards.yellow.91-105.total,cards.yellow.91-105.percentage,cards.yellow.106-120.total,cards.yellow.106-120.percentage,cards.red.0-15.total,cards.red.0-15.percentage,cards.red.16-30.total,cards.red.16-30.percentage,cards.red.31-45.total,cards.red.31-45.percentage,cards.red.46-60.total,cards.red.46-60.percentage,cards.red.61-75.total,cards.red.61-75.percentage,cards.red.76-90.total,cards.red.76-90.percentage,cards.red.91-105.total,cards.red.91-105.percentage,cards.red.106-120.total,cards.red.106-120.percentage
0,WWLLLLLLLDWDLLLLWLWWLWD,"[{'formation': '4-3-3', 'played': 7}, {'formation': '5-2-3', 'played': 5}, {'formation': '4-4-2', 'played': 3}, {'formation': '5-4-1', 'played': 2}]",244,Veikkausliiga,Finland,https://media.api-sports.io/football/leagues/244.png,https://media.api-sports.io/flags/fi.svg,2021,587,IFK Mariehamn,https://media.api-sports.io/football/teams/587.png,11,12,23,3,4,7,1,2,3,7,6,13,9,12,21,0.8,1.0,0.9,7,31.82%,4,18.18%,,,4,18.18%,4,18.18%,1,4.55%,2,9.09%,,,17,16,33,1.5,1.3,1.4,6,18.75%,3,9.38%,4,12.50%,4,12.50%,10,31.25%,3,9.38%,2,6.25%,,,2,1,7,4-2,0-3,0-3,3-0,4,3,3,3,2,2,4,7,6,13,2,100.00%,0,0%,2,3,6.38%,6,12.77%,6,12.77%,9,19.15%,7,14.89%,14,29.79%,2,4.26%,,,,,,,1,50.00%,,,,,1,50.00%,,,,
1,WDWWWWWWWWWLWDWWWDWDLLL,"[{'formation': '4-3-3', 'played': 12}, {'formation': '3-4-3', 'played': 4}]",244,Veikkausliiga,Finland,https://media.api-sports.io/football/leagues/244.png,https://media.api-sports.io/flags/fi.svg,2021,649,HJK helsinki,https://media.api-sports.io/football/teams/649.png,12,11,23,7,8,15,2,2,4,3,1,4,19,15,34,1.6,1.4,1.5,7,20.00%,5,14.29%,5,14.29%,4,11.43%,7,20.00%,4,11.43%,3,8.57%,,,11,4,15,0.9,0.4,0.7,2,14.29%,1,7.14%,2,14.29%,,,6,42.86%,2,14.29%,1,7.14%,,,9,1,1,4-2,0-3,0-2,2-1,4,3,3,2,5,8,13,3,2,5,1,100.00%,0,0%,1,1,2.78%,4,11.11%,5,13.89%,9,25.00%,6,16.67%,11,30.56%,,,,,,,,,,,,,,,,,,,,
2,DDWLWLWLWWLWWDWWLLWDLWW,"[{'formation': '3-4-3', 'played': 14}, {'formation': '5-2-3', 'played': 2}, {'formation': '3-5-2', 'played': 1}]",244,Veikkausliiga,Finland,https://media.api-sports.io/football/leagues/244.png,https://media.api-sports.io/flags/fi.svg,2021,689,SJK,https://media.api-sports.io/football/teams/689.png,11,12,23,6,6,12,3,1,4,2,5,7,22,10,32,2.0,0.8,1.4,5,15.63%,5,15.63%,1,3.13%,7,21.88%,5,15.63%,6,18.75%,3,9.38%,,,12,14,26,1.1,1.2,1.1,2,7.69%,4,15.38%,3,11.54%,4,15.38%,4,15.38%,6,23.08%,3,11.54%,,,2,2,2,4-0,0-2,0-2,4-0,4,3,2,4,3,6,9,2,5,7,1,100.00%,0,0%,1,2,3.85%,5,9.62%,11,21.15%,9,17.31%,13,25.00%,12,23.08%,,,,,,,,,,,,,,,,,,,,
3,WLDWWLLLWDWLLWLLLWWWWDL,"[{'formation': '4-3-3', 'played': 9}, {'formation': '4-4-2', 'played': 3}, {'formation': '4-5-1', 'played': 3}, {'formation': '3-5-2', 'played': 1}, {'formation': '3-4-3', 'played': 1}]",244,Veikkausliiga,Finland,https://media.api-sports.io/football/leagues/244.png,https://media.api-sports.io/flags/fi.svg,2021,1163,Ilves Tampere,https://media.api-sports.io/football/teams/1163.png,11,12,23,8,2,10,1,2,3,2,8,10,13,9,22,1.2,0.8,1.0,4,19.05%,4,19.05%,,,3,14.29%,6,28.57%,3,14.29%,1,4.76%,,,7,18,25,0.6,1.5,1.1,4,15.38%,3,11.54%,8,30.77%,1,3.85%,5,19.23%,4,15.38%,1,3.85%,,,4,1,3,2-0,0-2,0-3,4-1,3,2,3,4,7,2,9,3,4,7,1,100.00%,0,0%,1,2,4.76%,3,7.14%,8,19.05%,5,11.90%,9,21.43%,15,35.71%,,,,,,,,,,,,,,,,,,,,
4,WLWWWWWLWLDLWDLLWWLDWWW,"[{'formation': '4-3-3', 'played': 7}, {'formation': '3-4-3', 'played': 7}, {'formation': '3-5-2', 'played': 1}]",244,Veikkausliiga,Finland,https://media.api-sports.io/football/leagues/244.png,https://media.api-sports.io/flags/fi.svg,2021,1164,Inter Turku,https://media.api-sports.io/football/teams/1164.png,12,11,23,8,5,13,2,1,3,2,5,7,22,16,38,1.8,1.5,1.7,3,7.89%,7,18.42%,3,7.89%,9,23.68%,7,18.42%,5,13.16%,4,10.53%,,,9,13,22,0.8,1.2,1.0,3,13.64%,3,13.64%,3,13.64%,5,22.73%,4,18.18%,3,13.64%,1,4.55%,,,5,1,2,4-0,1-4,1-3,2-0,4,4,3,2,6,2,8,1,3,4,5,100.00%,0,0%,5,1,1.96%,5,9.80%,9,17.65%,10,19.61%,9,17.65%,16,31.37%,1,1.96%,,,,,,,,,,,1,100.00%,,,,,,
5,LDWWLLWWWWWWWDWWDWWWWDW,"[{'formation': '3-4-3', 'played': 12}, {'formation': '4-3-3', 'played': 2}, {'formation': '4-4-2', 'played': 1}]",244,Veikkausliiga,Finland,https://media.api-sports.io/football/leagues/244.png,https://media.api-sports.io/flags/fi.svg,2021,1165,KuPS,https://media.api-sports.io/football/teams/1165.png,12,11,23,8,8,16,3,1,4,1,2,3,20,20,40,1.7,1.8,1.7,6,15.00%,6,15.00%,8,20.00%,6,15.00%,6,15.00%,6,15.00%,2,5.00%,,,6,9,15,0.5,0.8,0.7,4,26.67%,2,13.33%,2,13.33%,2,13.33%,2,13.33%,3,20.00%,,,,,7,1,2,4-0,1-5,1-2,3-2,4,5,2,3,8,5,13,2,1,3,3,100.00%,0,0%,3,1,2.63%,6,15.79%,4,10.53%,10,26.32%,6,15.79%,10,26.32%,1,2.63%,,,,,,,,,,,,,,,,,,
6,WLLWWWDDDWWDDWDLLDLDWLW,"[{'formation': '4-3-3', 'played': 13}, {'formation': '3-4-3', 'played': 1}, {'formation': '4-2-4', 'played': 1}, {'formation': '4-4-2', 'played': 1}]",244,Veikkausliiga,Finland,https://media.api-sports.io/football/leagues/244.png,https://media.api-sports.io/flags/fi.svg,2021,1166,FC Lahti,https://media.api-sports.io/football/teams/1166.png,12,11,23,6,3,9,3,5,8,3,3,6,16,13,29,1.3,1.2,1.3,5,17.86%,,,4,14.29%,8,28.57%,4,14.29%,6,21.43%,1,3.57%,,,12,14,26,1.0,1.3,1.1,5,18.52%,9,33.33%,2,7.41%,3,11.11%,3,11.11%,4,14.81%,1,3.70%,,,3,3,2,3-0,0-3,2-4,4-1,3,3,4,4,4,2,6,4,2,6,2,100.00%,0,0%,2,4,7.27%,7,12.73%,8,14.55%,14,25.45%,6,10.91%,16,29.09%,,,,,,,,,,,,,1,50.00%,1,50.00%,,,,
7,LLWLLLWLLWDWDDWLWLWDLDD,"[{'formation': '3-4-3', 'played': 14}, {'formation': '3-5-2', 'played': 1}]",244,Veikkausliiga,Finland,https://media.api-sports.io/football/leagues/244.png,https://media.api-sports.io/flags/fi.svg,2021,1169,Honka,https://media.api-sports.io/football/teams/1169.png,12,11,23,4,3,7,3,3,6,5,5,10,13,16,29,1.1,1.5,1.3,5,17.86%,3,10.71%,4,14.29%,3,10.71%,7,25.00%,5,17.86%,1,3.57%,,,14,16,30,1.2,1.5,1.3,2,6.45%,3,9.68%,5,16.13%,10,32.26%,5,16.13%,2,6.45%,4,12.90%,,,1,2,3,4-1,1-3,0-3,4-2,4,3,3,4,2,2,4,5,3,8,4,100.00%,0,0%,4,2,4.88%,4,9.76%,7,17.07%,8,19.51%,10,24.39%,9,21.95%,1,2.44%,,,,,,,,,,,2,66.67%,,,1,33.33%,,
8,WDDWLWWDLDLWDLWWWLLWDLL,"[{'formation': '3-4-3', 'played': 14}, {'formation': '5-2-3', 'played': 2}, {'formation': '3-5-2', 'played': 1}]",244,Veikkausliiga,Finland,https://media.api-sports.io/football/leagues/244.png,https://media.api-sports.io/flags/fi.svg,2021,1172,HIFK Elsinki,https://media.api-sports.io/football/teams/1172.png,11,12,23,4,5,9,2,4,6,5,3,8,12,11,23,1.1,0.9,1.0,2,8.70%,4,17.39%,9,39.13%,1,4.35%,5,21.74%,1,4.35%,1,4.35%,,,18,7,25,1.6,0.6,1.1,2,8.00%,3,12.00%,4,16.00%,6,24.00%,1,4.00%,8,32.00%,1,4.00%,,,3,2,2,3-1,0-3,1-5,2-0,3,3,5,2,3,7,10,3,6,9,3,100.00%,0,0%,3,2,4.44%,1,2.22%,11,24.44%,6,13.33%,8,17.78%,17,37.78%,,,,,,,,,,,1,33.33%,1,33.33%,1,33.33%,,,,
9,DLWLLLLLDDLDDLLLLLLLLLL,"[{'formation': '4-3-3', 'played': 7}, {'formation': '4-4-2', 'played': 5}, {'formation': '4-5-1', 'played': 3}, {'formation': '5-3-2', 'played': 1}]",244,Veikkausliiga,Finland,https://media.api-sports.io/football/leagues/244.png,https://media.api-sports.io/flags/fi.svg,2021,2076,Kooteepee,https://media.api-sports.io/football/teams/2076.png,11,12,23,0,1,1,2,3,5,9,8,17,7,12,19,0.6,1.0,0.8,3,15.00%,3,15.00%,3,15.00%,6,30.00%,1,5.00%,2,10.00%,2,10.00%,,,21,26,47,1.9,2.2,2.0,8,17.39%,6,13.04%,5,10.87%,8,17.39%,10,21.74%,3,6.52%,6,13.04%,,,1,2,5,,0-3,1-3,4-0,1,3,3,4,1,1,2,4,4,8,3,100.00%,0,0%,3,1,2.00%,2,4.00%,8,16.00%,12,24.00%,12,24.00%,12,24.00%,3,6.00%,,,,,,,,,,,2,100.00%,,,,,,
10,LLLLLLWLLDLWLLWWWDLDLLD,[],244,Veikkausliiga,Finland,https://media.api-sports.io/football/leagues/244.png,https://media.api-sports.io/flags/fi.svg,2021,2077,AC oulu,https://media.api-sports.io/football/teams/2077.png,11,12,23,3,2,5,2,2,4,6,8,14,8,9,17,0.7,0.8,0.7,3,18.75%,1,6.25%,1,6.25%,5,31.25%,3,18.75%,3,18.75%,,,,,14,21,35,1.3,1.8,1.5,9,25.00%,5,13.89%,4,11.11%,8,22.22%,5,13.89%,5,13.89%,,,,,3,1,6,2-0,1-3,0-2,4-0,2,3,2,4,2,3,5,5,6,11,2,100.00%,0,0%,2,2,4.65%,1,2.33%,12,27.91%,6,13.95%,9,20.93%,9,20.93%,4,9.30%,,,,,,,,,,,,,,,1,100.00%,,
11,LLLWWLDLDLLDLWWLLLLWWWD,"[{'formation': '4-3-3', 'played': 8}, {'formation': '5-3-2', 'played': 2}, {'formation': '3-5-2', 'played': 2}, {'formation': '4-2-3-1', 'played': 1}, {'formation': '4-4-2', 'played': 1}, {'formation': '3-4-3', 'played': 1}]",244,Veikkausliiga,Finland,https://media.api-sports.io/football/leagues/244.png,https://media.api-sports.io/flags/fi.svg,2021,2080,haka,https://media.api-sports.io/football/teams/2080.png,12,11,23,3,4,7,3,1,4,6,6,12,11,10,21,0.9,0.9,0.9,1,4.55%,4,18.18%,5,22.73%,1,4.55%,4,18.18%,6,27.27%,1,4.55%,,,12,14,26,1.0,1.3,1.1,4,16.00%,4,16.00%,1,4.00%,6,24.00%,4,16.00%,5,20.00%,1,4.00%,,,3,1,4,4-0,0-3,0-3,4-0,4,3,3,4,4,4,8,5,5,10,1,100.00%,0,0%,1,5,11.11%,1,2.22%,10,22.22%,7,15.56%,7,15.56%,12,26.67%,3,6.67%,,,,,,,1,50.00%,1,50.00%,,,,,,,,
